Artist,Album,Score
Meek Mill,Championships,5
Soap&Skin,From Gas to Solid / You Are My Friend,4
"Black Thought, Salaam Remi","Streams of Thought, Vol. 2",7
XXXTENTACION,Skins,2
Ski Mask the Slump God,Stokeley,6
The 1975,A Brief Inquiry Into Online Relationships,6
Earl Sweatshirt,Some Rap Songs,8
Kai Whiston,Kai Whiston Bitch,7
J.I.D,DiCaprio 2,8
Onxy Collective,Lower East Side Suite Part Three,7
6ix9ine,Dummy Boy,4
"Tyler,the Creator",Music Inspired by Illumination & Dr. Seuss' The Grinch,3
Muse,Simulation Theory,5
Trippie Redd,A Love Letter To You 3,7
Jaden Smith,The Sunset Tapes: A Cool Tape Story,2
Anderson .Paak,Oxnard,8
Action Bronson,White Bronco,5
Lil Peep,"Come On Over When You're Sober, Pt.2",4
Jeffrey Lewis,Works by Tuli Kupferberg (1923-2010),7
Sun Kil Moon,This Is My Dinner,6
Metro Boomin,Not All Heroes Wear Capes,6
Takeoff,The Last Rocket,4
"Curren$y, Freddie Gibbs, The Alchemist",Fetti,7
Poppy,Am I a Girl?,7
Rosalía,El mal querer,8
Vince Staples,FM!,7
Julia Holter,Aviary,8
Daughters,You Won't Get What You Want,10
Current 93,The Light Is Leaving Us All,8
Kurt Vile,Bottle It In,6
Joji,Ballads 1,5
Lil Yatchy,Nuthin' 2 Prove,2
Little Big,Antipositive Part 2,6
Open Mike Eagle,What Happens When I Try To Relax,7
"Future, Juice WRLD",WRLD on Drugs,5
High on Fire,Electric Messiah,6
Polyphia,New Levels New Devils,8
City Morgue,Vol. 1: Hell or High Water,6
Quavo,Quavo Huncho,4
Clarence Clarity,Think: Peace,7
Horrendous,Idol,9
Sheck Wes,Mudboy,6
Behemoth,I Loved You at Your Darkest,7
Marissa Nadler,For My Crimes,7
twenty one pilots,Trench,8
Logic,YSIV,5
Kero Kero Bonito,Time 'n' Place,8
Tim Hecker,Konoyo,6
Lil Wayne,Tha Carter V,6
Lupe Fiasco,DROGAS Wave,7
JMSN,Velvet,7
Hozier,Nina Cried Power,6
milo,budding ornithologists are weary of tired analogies,6
Brockhampton,iridescense,7
Guerilla Toss,Twisted Crystal,8
Spiritualized,And Nothing Hurt,7
6LACK,East Atlanta Love Letter,4
Noname,Room 25,8
Aphex Twin,Collaspe,8
Russ,Zoo,3
Yves Tumor,Safe in the Hands of Love,7
$uicideBoy$,I Want To Die in New Orleans,6
Thou,Magnus,6
Okonolo,Cantos,7
Armand Hammer,Paraffin,8
IDLES,Joy as an Act of Resistance,9
George Clinton,Slide,7
Eminem,Kamikaze,4
Interpol,Marauder,4
Blood Orange,Negro Swan,8
Oh Sees,Smote Reverser,6
Hermit and the Recluse,Orpheus vs. the Sirens,8
Louis Cole,Time,8
Ariana Grande,Sweetener,7
Mitski,Be The Cowboy,6
Young Thug,Slime Language,5
Iglooghost,Steel Mogu,7
Iglooghost,Clear Tamei,8
Trippie Redd,Life's a Trip,5
HMLTD,Hate Music Last Time Delete,8
Nicki Minaj,Queen,5
Valee,"Good Job, You Found Me",3
Imperial Triumphant,Vile Luxury,8
Mac Miller,Swimming,3
YG,Stay Dangerous,5
Travis Scott,Astroworld,7
James Ferraro,Four Pieces for Mirai,7
Let's Eat Grandma,I'm All Ears,7
Denzel Curry,TA13OO,8
Melody's Echo Chamber,Bon Voyage,7
88rising,Head in the Clouds,5
The Internet,Hive Mind,7
Busdriver,Electricity is on our Side,5
Dirty Projectors,Lamp Lit Prose,6
Snail Mail,Lush,7
Haru Nemuri,Haru to Shura,8
Deafheaven,Ordinary Corrupt Human Love,5
serpentwithfeet,soil,7
Florence + The Machine,High As Hope,7
Zeal & Ardor,Stranger Fruit,8
The Carters,Everything Is Love,5
Teyena Taylor,K.T.S.E.,6
Vein,Errorzone,6
Kamasi Washington,Heaven and Earth,6
Gorillaz,The Now Now,6
Jay Rock,Redemption,4
Drake,Scorpion,4
Nine Inch Nails,Bad Witch,7
Death Grips,Year of the Snitch,9
Rico Nasty,Nasty,6
SOPHIE,Oil of Every Pearl's Un-Insides,8
Nas,Nasir,6
Bladee,Red Light,1
LUMP,LUMP,7
Tropical Fuckstorm,A Laughing Death in Meatspace,8
Big Ups,Two Parts Together,6
"Black Thought, 9th Wonder","Streams of Thought, Vol. 1",8
Tierra Whack,Tierra Whack,7
KIDS SEE GHOSTS,KIDS SEE GHOSTS,10
Ghost,Prequelle,8
Father John Misty,God's Favorite Customer,7
Oneohtrix Point Never,Age Of,6
Juice WRLD,Goodbye & Good Riddance,5
Kanye West,ye,8
NIKI,Zephyr,7
A$AP Rocky,Testing,4
BTS,Tear,6
Park Jiha,Communion,6
Pusha T,Daytona,8
Mark Kozelek,Mark Kozelek,7
Parquet Courts,Wide Awake!,9
Courtney Barnett,Tell Me How You Really Feel,6
Frank Ocean,Endless,8
Ski Mask the Slump God,Beware the Book of Eli,7
Artic Monkeys,Tranquillity Based Hotel + Casino,5
Beach House,7,7
Playboi Carti,Die Lit,7
Jon Hopkins,Singularity,7
Wiley,Godfather II,5
Ice Age,Beyondless,7
Slim Jxmmi,Jxmtro,5
Swae Lee,Swaecation,1
Rae Sremmurd,SR3MM,7
Daniel Avery,Song For Alpha,5
Kimbra,Primal Heart,7
Panopticon,The Scars of Man on the Once Nameless Wilderness,4
Janelle Monáe,Dirty Computer,8
Post Malone,beerbongs & bentleys,7
Sleep,The Sciences,8
A Perfect Circle,Eat the Elephant,5
Hop Along,8,8
J. Cole,KOD,5
Unkown Mortal Orchestra,Sex & Food,5
Princess Nokia,A Girl Cried Red,4
John Prine,The Tree of Forgiveness,7
Sons of Kemet,Your Queen is a Reptile,8
Kali Uchis,Isolation,8
Flatbush Zombies,Vacation in Hell,6
Cardi B,Invasion of Privacy,6
Kacey Musgraves,Golden Hour,4
"Jean Grae, Quelle Chris",Everything's Fine,8
"Czarface, MF Doom",Czarface Meets Metal Face,7
The Voidz,Virtue,8
The Weeknd,My Dear Melancholy,5
Superorganism,Superorganism,7
Preoccupations,New Material,5
PRhyme,PRhyme 2,6
Jack White,Boarding House Reach,9
Mount Eerie,Now Only,7
Keiji Haino + Sumac,American Dollar Bill,7
The Neighborhood,The Neighborhood,4
Judas Priest,Firepower,8
Young Fathers,Cocoa Sugar,6
XXXTENTACION,?,4
Natalia Lafourcade,Musas Vol. 2,8
David Byrne,American Utopia,7
Lil Yatchy,Lil Boat 2,7
Logic,Bobby Tarantino II,5
Anna von Hausswolff,Dead Magic,8
Titus Andronicus,A Productive Cough,5
Andrew W.K.,You’re Not Alone,8
Tory Lanez,Memories Don’t Die,3
Turnstile,Time & Space,5
A.A.L. (Against All Logic),2012 - 2017,9
SOB x RBE,Gangin,6
Screaming Females,All at Once,8
6ix9ine,Day69,3
U.S. Girls,In a Poem Unlimited,8
Ought,Room Inside the World,6
Car Seat Headrest,Twin Fantasy (Face to Face),8
Various Artists,Black Panther The Album,6
Daymé Arocena,Cubafonía,8
MGMT,Little Dark Age,8
Tribulation,Down Below,7
Tiny Moving Parts,Swell,4
No Age,Snares Like A Haircut,7
Rich Brian,Amen,6
Justin Timberlake,Man of the Woods,3
Portal,Ion,9
Ty Segall,Freedom's Goblin,7
Migos,Culture II,4
Tune-Yards,I Can Feel You Creep Into My Private Life,5
First Aid Kit,Ruins,7
JPEGMAFIA,Veteran,8
King Gizzard & The Lizard Wizard,Gumboot Soup,7
CupcakKe,Ephorize,7
Jeff Rosenstock,Post,6
Charlie XCX,Pop 2,7
N.E.R.D.,NO_ONE EVER REALLY DIES,7
"Travis Scott, Quavo","Huncho Jack, Jack Huncho",6
Eminem,Revival,2
Chris Stapleton,From A Room: Volume 2,7
Brockhampton,Saturation III,8
"Big Sean, Metro Boomin",Double or Nothing,5
Princess Nokia,1992 Deluxe,8
Makaya McCraven,Highly Rare,7
Prurient,Rainbow Mirror,6
Ibeyi,Ash,7
Glassjaw,Material Control,6
Cyhi the Prince,No Dope on Sundays,5
Rosalía,Los Ángeles,8
Hopsin,No Shame,4
Björk,Utopia,7
Sharon Jones & The Dap-Kings,Soul of a Woman,8
King Gizzard & The Lizard Wizard,Polygonwanaland,7
Jaden Smith,SYRE,4
Armand Hammer,Rome,6
Liars,TFCF,5
Destroyer,ken,5
Yung Lean,Stranger,6
Taylor Swift,Reputation,4
Benjamin Clementine,I Tell a Fly,5
Skepta,Vicous,5
Sam Smith,The Thrill of It All,4
Converge,The Dusk in Us,8
Rina Sawayama,RINA,9
Julien Baker,Turn Out the Lights,7
"21 Savage, Offset, Metro Boomin",Without Warning,7
Weezer,Pacific Daydream,4
Big K.R.I.T.,4eva Is a Might Long Time,9
Fever Ray,Plunge,5
The World Is A Beautiful Place & I Am No Longer Afraid To Die,Always Foreign,6
Liam Gallagher,As You Were,6
"Future, Young Thug",Super Slimey,5
Primitive Man,Caustic,8
Beck,Colors,4
Gucci Mane,Mr. Davis,5
King Krule,The OOZ,4
St. Vincent,MASSEDUCATION,6
Protomartyr,Relatives in Descent,8
Trippie Redd,A Love Letter To You 2,5
Marilyn Manson,Heaven Upside Down,5
Poppy,Poppy.Computer,6
Kelela,Take Me Apart,8
Lil Pump,Lil Pump,7
Uncommon Nasa,Written at Night,8
Iglooghost,Neō Wax Bloom,8
Smokepurpp,Deadstar,6
Injury Reserve,Drive It Like It's Stolen,7
The Killers,Wonderful Wonderful,6
Wolves in the Throne Room,Thrice Woven,6
"Young Thug, Carnage",Young Martha,8
Chelsea Wolfe,Hiss Spun,7
Macklemore,Gemini,3
Godspeed You! Black Emperor,Luciferian Towers,5
Rapsody,Laila's Widsom,8
Foo Fighters,Concrete and Gold,6
Mykrur,Maredidt,6
Open Mike Eagle,Brick Body Kids Still Daydream,8
Daniel Caeser,Freudian,7
Ariel Pink,Dedicated to Bobby Jameson,8
The National,Sleep Well Beast,7
Nmesh,Pharma,7
Alex Cameron,Forced Witness,8
Corbin,Mourn,7
Alvvays,Antisocialites,8
Zola Jesus,Okovi,6
Death From Above,Outrage! Is Now,8
wifisfuneral,Boy Who Cried Wolf,7
Bicep,Bicep,7
Action Bronson,Blue Chips 7000,6
LCD Soundsystem,American Dream,6
The War on Drugs,A Deeper Understanding,5
Oh Sees,Orc,8
A$AP Mob,Cozy Tapes Vol. 2,4
Queens of the Stone Age,Villains,6
Brockhampton,Saturation II,8
XXXTentacion,17,2
Lil Uzi Vert,Luv is Rage 2,3
Grizzly Bear,Painted Ruins,6
"King Gizzard & The Lizard Wizard, Mild High Club",Sketches of Brunswick East,5
Everything Everything,A Fever Dream,6
A$ap Ferg,Still Striving,6
Brand New,Science Fiction,7
Alice Glass,Alice Glass,7
Kodak Black,Project Baby 2,5
Lil B,Black Ken,5
Richard Dawson,Peasant,8
Milo,Who Told You To Think??!!?!?!?!,7
Kesha,Rainbow,7
Igorrr,Savage Sinusoid,7
Dead Cross,Dead Cross,7
Ski Mask the Slump God,You Will Regret,6
Black Lips,Satan's Graffiti or God's Art?,7
Ugly God,The Booty Tape,5
Oxbow,Thin Black Duke,8
Dying Fetus,Wrong One to Fuck With,8
Vic Mensa,The Autobiography,6
Aminé,Good For You,5
Arcade Fire,Everything Now,4
Nine Inch Nails,Add Violence,6
Dizzee Rascal,Raskit,6
Shabazz Palaces,Quazarz vs. The Jealous Machines,5
Shabazz Palaces,Quazarz: Born on a Gangster Star,3
Integrity,"Howling, For The Nightmare Shall Consume",7
Lana Del Ray,Lust For Life,6
"Tyler,the Creator",Flower Boy,8
Pissed Jeans,Why Love Now,7
Billy Woods,Known Unknowns,8
Broken Social Scene,Hug of Thunder,7
Haim,Something to Tell You,5
21 Savage,Issa Album,3
Jay-Z,4:44,8
Guerilla Toss,GT Ultra,8
Algiers,The Underside of Power,8
Fleet Foxes,Crack Up,8
Vince Staples,Big Fish Theory,6
King Gizzard & The Lizard Wizard,Murder of the Universe,6
Elder,Reflections of a Floating World,8
Lorde,Melodrama,7
The Mountain Goats,Goths,8
The Underachievers,Renaissance,6
Young Thug,Beautiful Thugger Girls,5
Kirin J Callinan,Bravado,8
"James McAlister, Sufjan Stevens, Nico Mulhy, Bryce Dessner",Planetarium,5
Katy Perry,Witness,6
Brockhampton,Saturation,9
Beach Fossils,Somersault,5
Roger Waters,Is This the Life We Really Want?,7
alt-J,Relaxer,5
Sinjin Hawke,First Opus,8
Lil Yachty,Teenage Emotions,2
(Sandy) Alex G,Rocket,5
Forest Swords,Compassion,8
Paramore,After Laughter,7
Harry Styles,Harry Styles,4
Perfume Genius,No Shape,8
Slowdive,Slowdive,4
Full of Hell,Trumpeting Ecstasy,6
Mac DeMarco,This Old Dog,7
Logic,Everybody,5
Colin Stetson,All This I Do For Glory,7
Feist,Pleasure,8
Gorillaz,Humanz,5
The Smith Street Band,More Scared Than You Than You Are of Me,5
Gas,Narkopop,2
Timber Timbre,"Sincerely, Future Pollution",5
The Magnetic Fields,50 Song Memoir,7
Kendrick Lamar,DAMN.,7
Arca,Arca,5
Joey Bada$$,All Amerikkkan Bada$$,8
Future Islands,The Far Field,6
Father John Misty,Pure Comedy,9
Kodak Black,Painting Pictures,4
Mastodon,Emperor of Sand,4
Freddie Gibbs,You Only Live 2wice,6
GoldLink,At What Cost,5
Ibibio Sound Machine,Uyai,8
Ondatrópica,Baile Bucanero,7
Pallbearer,Heartless,8
Mount Eerie,A Crow Looked At Me,9
Remo Drive,Greatest Hits,7
Havok,Comformicide,7
Spoon,Hot Thoughts,7
Real Estate,In Mind,5
Drake,More Life,5
Rick Ross,Rather You Than Me,6
Your Old Droog,Packs,7
Laura Marling,Semper Fermina,5
Idles,Brutalism,8
Blanck Mass,World Eater,7
Charlie XCX,Number 1 Angel,7
Ed Sheeran,Divide,4
Sleaford Mods,English Tapas,7
Xiu Xiu,Forget,8
King Gizzard & The Lizard Wizard,Flying Microtonal Banana,8
Dirty Projecters,Dirty Projecters,7
Power Trip,Nightmare Logic,7
Thundercat,Drunk,6
Jens Lekman,Life Will See You Now,6
Jonwayne,Rap Album Two,7
Future,Future,5
Sun Kil Moon,Common As Light And Love Are Red Valleys Of Blood,9
Quelle Chris,"Being You Is Great, I Wish I Could Be You More Often",8
Jesca Hoop,Memories Are Now,7
Lupe Fiasco,DROGAS Light,6
Sampha,Process,8
Iron Reagan,Crossover Ministry,6
Big Sean,I Decided,6
Bedwetter,Flick Your Tongue Against Your Teeth and Describe the Present,6
Ty Segall,Ty Segall,6
Migos,Culture,7
William Basinski,A Shadow In Time,7
Neil Cicierega,Mouth Moods,9
Foxygen,Hang,7
Wiley,Godfather,8
Yucky Duster,Duster's Lament,7
Code Orange,Forever,8
The Flaming Lips,Oczy Mlody,5
The xx,I See You,6
Little Simz,Stillness In Wonderland,5
Nine Inch Nails,Not The Actual Events,8
Run the Jewels,RTJ3,8
Kid Cudi,"Passion, Pain & Demon Slayin'",4
Injury Reserve,Floss,8
Ab-Soul,Do What Thou Wilt.,7
J. Cole,4 Your Eyez Only,6
Common,Black America Again,5
Childish Gambino,"Awaken, My Love!",7
The Wytches,All Your Happy Life,6
Sleigh Bells,Jessica Rabbit,7
Czarface,a Fistful of Peril,6
The Weeknd,Starboy,5
Metallica,Hard Wired...To Self Destruct,6
Justice,Women,5
Bruno Mars,24k Magic,7
A Tribe Called Quest,We Got It from Here... Thank You 4 Your Service,9
Marching Church,Telling It Like It Is,7
Kero Kero Bonito,Bonito Generation,8
Swain,The Long Dark Blue,8
Wormrot,Voices,7
A$AP Mob,The Cozy Tapes Vol. 1: Friends,5
Korn,The Serenity of Suffering,4
D.R.A.M.,Big Baby D.R.A.M.,7
Conor Oberst,Ruminations,8
Lady Gaga,Joanne,6
The Game,1992,5
The Dillinger Escape Plan,Dissociation,7
Crying,Beyond the Fleeting Gate,8
Jeff Rosenstock,Worry,8
American Football,American Football,5
NxWorries,Yes Lawd!,7
Green Day,Revolution Radio,3
Oathbreaker,Rheia,4
Solange,A Seat At The Table,8
Banks,The Altar,5
Regina Spektor,Remember Us To Life,8
Nicolas Jaar,Sirens,6
Bon Iver,"22, A Million ",5
Danny Brown,Atrocity Exhibition,9
Neurosis,Flames Within Flames,8
Mick Jenkins,The Healing Component,5
Wilco,Schmilco,6
Preoccupations,Preoccupations,8
Touché Amoré,Stage Four,8
Street Sects,End Position,8
Mac Miller,The Divine Feminine,4
Nick Cave & The Bad Seeds,Skeleton Tree,8
M.I.A.,A.I.M.,4
clipping.,Splendor & Misery,8
Glass Animals,How To Be a Human Being,6
Isaiah Rashad,The Sun's Tirade,6
of Montreal,Innocence Reaches,5
Angel Olson,My Woman,8
Travis Scott,Birds in the Trap Sing McKnight,3
Vince Staples,Prima Donna,7
Young Thug,Jefferey,7
Carly Rae Jepsen,Emotion: Side B,8
Ka,Honor Killed the Samurai,8
AJJ,The Bible 2,5
Crystal Castles,Amnesty (I),4
Frank Ocean,Blonde/Endless,8
Thee Oh Sees,A Wierd Exits,8
Rae Sremmurd,SremmLife2,6
PartyNextDoor,P3,4
Lil Uzi Vert,The Perfect Luv Tape,3
Noname,Telefone,8
Ghoul,Dungeon Bastards,7
Descendents,Hypercaffium Spazzinate,5
2 8 1 4,Rain Temple,6
Show Me The Body,Body War,8
Bones,PaidProgramming2,7
DJ Khaled,Major Key,6
Kemba,Negus,7
Gucci Mane,Everybody Looking,6
Lil Yachty,Summer Songs 2,5
Bat For Lashes,The Bride,5
The I.L.Y's,Scum With Bounderies,8
Apathy,Handshakes With Snakes,7
Clams Casino,32 Levels,7
ScHoolboy Q,Blank Face,5
BADBADNOTGOOD,IV,7
Woods,City Sun Eater in the River of Light,7
Deerhoof,The Magic,7
The Avalanches,Wildflower,7
Logic,Bobby Tarantino,5
Blood Orange,Freetown Sound,6
case/lang/veirs,case/lang/veirs,7
Riff Raff,Peach Panther,4
Red Hot Chilli Peppers,The Getaway,5
Kodak Black,Lil Big Pac,3
Swans,The Glowing Man,9
clipping.,Wriggle,7
Jon Bellion,The Human Condition,5
Nails,You Will Never Be One of Us,8
YG,Still Brazy,8
Xenia Rubinos,Black Terry Cat,8
Joey Purps,iiiDrops,7
Olga Bell,Tempo,7
Vic Mensa,There's Alot Going On,5
The Strokes,Future Present Past,3
Flume,Skin,5
PUP,The Dream is Over,6
Moonsorrow,Jumalten Aika,8
Marissa Nadler,Strangers,8
Car Seat Headrest,Teens of Denial,8
Modern Baseball,Holy Ghost,7
Kvelertak,Nattesferd,6
Kaytranada,99.90%,6
Chance The Rapper,Coloring Book,7
ANOHNI,Hopelessness,6
Gorguts,Pleaides',8
Skepta,Konnichiwa,7
James Blake,The Colour In Everything,5
Vektor,Terminal Redux,8
Radiohead,A Moon Shaped Pool,8
Lil Uzi Vert,Lil Uzi Vert vs. The World,4
Death Grips,Bottomless Pit,9
Aesop Rock,The Impossible Kid,8
King Gizzard & The Lizard Wizard,Nonagon Infinity,8
Drake,Views,4
Xiu Xiu,Plays the Music of Twin Peaks,9
Beyonce,Lemonade,8
A$AP Ferg,Always Strive and Prosper,2
Sturgill Simpson,A Sailor's Guide To Earth,8
Spark Master Tape,Silhouete of a Sunkken City,2
Deakin,Sleep Cycle,7
PJ Harvey,The Hope Six Demolution Project,7
M83,JUNK,3
Parquet Courts,Human Preformance,7
Deftones,Gore,4
Tim Hecker,Love Streams,5
Babymetal,Metal Resistance,6
Babyfather,BBF,6
Open Mike Eagle & Paul White,Hella Personal Film Festival,7
Explosions in the Sky,The Wilderness,4
Ash Koosha,I AKA I,6
Weezer,Weezer (The White Album),8
Domo Genesis,Genesis,4
Various Artists,Southern Family,8
Black Mountain,IV,7
Zayn,Mind of Mine,4
Young Thug,Slime Season 3,5
Kano,Made In the Manor,7
The Body and Full of Hell,One Day You Will Ache Like I Ache,7
Baauer,Aa,6
Lil Yachty,Lil Boat,7
The Drones,Feelin' Kinda Free,8
Iggy Pop,Post-Pop Depression,7
Denzel Curry,Imperial,8
Flatbush Zombies,3001: A Laced Odysses,6
ORANSSI PAZUZU,Värähtelijä,7
Bas,Too High To Riot,5
Lemon Demon,Spirit Phone,8
The 1975,"I Like It When You Sleep, for You Are So Beautiful Yet So Unaware of It",4
Mr. Yote,The Terrible Tales of Scurvy Jones,7
Kendrick Lamar,untitled unmastered,8
Big Ups,Before A Million Universes,8
Wild Nothing,Life of Pause,5
Charli XCX,Vroom Vroom,8
Macklemore & Ryan Lewis,This Unruly Mess I've Made,6
Yung Lean,Warlord,3
VARIOUS ARTISTS,Space Heads,2
Matmos,Ultimate Care II,8
Nevemn,Nevemn,7
Santigold,99 Cents,7
Animal Collective,Painting With,5
Porches,Pool,5
Kanye West,The Life of Pablo,8
Lucinda Williams,The Ghosts of Highway 20,6
Bones,Useless,7
Majid Jordan,Majid Jordan,4
Future,EVOL,6
Young Thug,I'm Up,5
DIIV,Is The Is Are,6
Bloc Party,Hymns,6
Rihanna,ANTI,4
Massive Attack,Ritual Spirit,8
Chairlift,Moth,7
Savages,Adore Life,6
Daughter,Not To Disappear,3
Jesu / Sun Kil Moon,Jesu / Sun Kil Moon,6
Ander .Paak,Malibu,7
Ty Segall,Emotional Mugger,8
Boots,AQUɅRIA,6
Meridian Brothers,Los Suicidas,7
Hinds,Leave Me Alone,6
David Bowie,★ (Blackstar),9
Benjamin Clementine,At Least For Now,7
Lil Ugly Mane,Oblivion Access,5
Krallice,Hyperion,7
Cage the Elephant,Tell Me I'm Pretty,6
Pusha T,King Push – Darkest Before Dawn: The Prelude,7
Baroness,Purple,8
Willow Smith,Ardipithecus,3
Christian Scott aTunde Adjuah,Stretch Music,7
Beach Slang,The Things We Do To Find People Who Feel Like Us,7
Wiki,Lil Me,7
Archy Marshall,A New Place 2 Drown,4
G-Eazy,When it's Dark Out,4
Cavanaugh,Time & Materials,6
Coldplay,A Head Full of Dreams,5
Erykah Badu,But You Caint Use My Phone,6
Sophie,Product,8
Kid Cudi,Speedin' Bullet 2 Heaven,0
James Ferraro,Skid Row,4
Sunn o))),Kannon,6
Waka Flocka Flame,Flockaveli 1.5,7
Arca,Mutant,6
Freddie Gibbs,Shadow of a Doubt,7
Adele,25,7
Ty Dolla $ign,Free TC,6
King Gizzard & the Lizard Wizard,Paper Mâché Dream Balloon,7
Anna Von Hausswolff,The Miraculous,6
Justin Bieber,Purpose,5
Logic,The Incredible True Story,6
The Garden,Haha,5
Goldlink,"And After That, We Didn't Talk",2
Busdriver,Thumbs,6
Kylesa,Exhausting Fire,7
Grimes,Art Angels,7
Car Seat Headrest,Teens of Style,7
Panopticon,Autumn Eternal,8
M.E.D. Blu and Madlib,Bad Neighbor,4
Iglooghost,Chinese Nü Yr,8
Foxing,Dealer,3
Kirk Knight,Late Knight Special,5
Twitching Tongues,Disharmony,3
Protomartyr,The Agent Intellect,7
Machine Gun Kelly,General Admission,3
Joanna Newsom,Divers,8
Uncommon Nasa,Halfway,7
The Game,The Documentary 2.5,8
Raury,All We Need,5
Big K.R.I.T.,It's Better This Way,5
Deerhunter,Fading Frontier,6
Beach House,Thank Your Lucky Stars,5
Neon Indian,VEGA INTL. Night School,7
The World Is A Beautiful Place & I Am No Longer Afraid To Die,Harmlessness,7
CHVRCHES,Every Open Eye,5
New Order,Music Complete,6
Alex G,Beach Music,6
The Game,The Documentary 2,6
Loma Prieta,Self Portrait,7
Disclosure,Caracal,6
Wavves,V,4
Kurt Vile,B'lieve I'm Goin Down...,6
Fetty Wap,Fetty Wap,5
Black Breath,Slaves Beyond Death,6
Deafheaven,New Bermuda,6
milo,So the Flies Don't Come,8
The Front Bottoms,Back On Top,6
Julia Holter,Have You In My Wilderness,9
Ought,Sun Coming Down,8
Drake & Future,What A Time To Be Alive,6
Lana Del Rey,Honeymoon,5
Mac Miller,GO:OD AM,7
The Underachievers,Evermore: The Art of Duality,8
Battles,La Di Da Di,6
The Libertines,Anthems For Doomed Youth,6
Whitey Morgan and the 78's,Sonic Ranch,7
Myrkur,M,6
Jay Rock,90059,6
FIDLAR,Too,4
The Wonder Years,No Closer To Heaven,5
Iron Maiden,The Book of Souls,6
Dam-Funk,Invite the Light,7
Travis Scott,Rodeo,8
Miley Cyrus,Miley Cyrus and Her Dead Petz,1
Foals,What Went Down,5
Krallice,Ygg Huur,6
Deradoorian,The Expanding Flower Planet,6
Destroyer,Poison Season,8
The Weeknd,Beauty Behind the Madness,5
Dope Body,Kunk,7
Carly Rae Jepsen,Emotion,7
Beach House,Depression Cherry,6
Cal Chuchesta,The New CALassic,3
Ghost,Meliora,9
Health,Death Magic,5
Mick Jenkins,Wave[s],6
FKA twigs,M3LL155X,9
Cattle Decapitation,The Anthropocene Extinction,8
Grave Babies,Holographic Violence,6
Dr. Dre,Compton,7
Chelsea Wolfe,Abyss,8
Lil Dicky,Professional Rapper,2
Lee Scott,Butter Fly,6
Lianne La Havas,Blood,8
Wilco,Star Wars,6
Pissgrave,Suicide Euphoria,7
Mac DeMarco,Another One,7
Titus Andronicus,The Most Lamentable Tragedy,4
Sleaford Mods,Key Markets,8
Hopsin,Pound Syndrome,3
Injury Reserve,Live From the Dentist Office,8
Quelle Chris,Innocent Country,7
RP Boo,"Fingers, Bank Pads & Shoeprints",7
Corpo-Mente,Corpo-Mente,7
Future,DS2,6
The Chemical Brothers,Born In the Echoes,7
Ratatat,Magnifique,7
Everything Everything,Get to Heaven,8
Tame Impala,Currents,7
Lil Wayne,Free Weezy Album,4
The Internet,Ego Death,5
Miguel,Wildheart,5
Meek Mill,Dreams Worth More Than Money,7
Refused,Freedom!,4
King Los,"God, Money, War",6
Desaparecidos,Payola,5
Citizen,Everybody Is Going To Heaven,3
Czarface,Every Hero Needs A Villain,8
Vince Staples,Summertime 06,6
Lil Ugly Mane,Third Side of Tape,8
Thundercat,The Beyond / Where the Giants Roam,6
KEN mode,Success,8
mewithoutYOU,Pale Horses,5
Ash Koosha,GUUD,8
Hudson Mohawke,Lantern,5
Denzel Curry,32 Zel / Planet Shrooms,6
High On Fire,Luminiferous,8
Florence + The Machine,"How Big, How Blue, How Beautiful",7
Muse,Drones,5
Sun Kil Moon,Universal Themes,6
Jamie xx,In Colour,7
Thee Oh Sees,Mutilator Defeated At Last,6
Donnie Trumpet & the Social Experiment,Surf,4
Algiers,Algiers,8
Unknown Mortal Orchestra,Multi-Love,8
A$AP Rocky,At. Long. Last. A$AP,5
Hot Chip,Why Make Sense?,6
Hop Along,Painted Shut,8
Dr. Yen Lo,Days With Dr. Yen Lo,6
Shamir,Ratchet,5
Twenty One Pilots,Blurryface,4
Prurient,Frozen Niagara Falls,8
Faith No More,Sol Invictus,6
Jim O'Rourke,Simple Songs,6
Snoop Dogg,Bush,5
Blanck Mass,Dumb Flesh,6
Holly Herndon,Platform,6
Peste Noire,La Chaise-Dyable,7
Hiatus Kaiyote,Choose Your Weapon,5
The Tallest Man On Earth,Dark Bird Is Home,6
Wale,The Album About Nothing,4
Torres,Sprinter,5
Kamasi Washington,The Epic,9
Blur,The Magic Whip,7
Paul de Jong,IF,7
Colin Stetson and Sarah Neufeld,Never Were the Way She Was,8
Yelawolf,Love Story,3
Tribulation,The Children of the Night,7
Toro Y Moi,What For?,7
Marching Church,This World Is Not Enough,6
Alabama Shakes,Sound & Color,8
Young Thug,Barter 6,5
Dance Gavin Dance,Instant Gratification,1
Squarepusher,Damogen Furies,6
The Mountain Goats,Beat The Champ,8
Drenge,Undertow,5
Death Cab For Cutie,Kintsugi,5
"Tyler,the Creator",Cherry Bomb,3
Twin Shadow,Eclipse,3
Shlohmo,Dark Red,6
Young Fathers,White Men Are Black Men Too,8
Courtney Barnett,"Sometimes I Sit and Think, and Sometimes I Just Sit",5
Portico,Living Fields,3
Billy Woods,"Today, I Wrote Nothing",7
Purity Ring,Another Eternity,4
Earl Sweatshirt,"I Don't Like Shit, I Don't Go Outside",6
Liturgy,The Ark Work,7
Action Bronson,Mr. Wonderful,5
Godspeed You! Black Emperor,"Asunder, Sweet and Other Distress",6
Sufjan Stevens,Carrie & Lowell,7
Death Grips,The Powers That B (Niggas On the Moon / Jenny Death),9
Laura Marling,Short Movie,7
Kendrick Lamar,To Pimp A Butterfly,10
Ratking,700-FILL,4
Modest Mouse,Strangers To Ourselves,5
of Montreal,Aureate Gloom,6
Lightning Bolt,Fantasy Empire,7
Clarence Clarity,No Now,8
Steven Wilson,Hand. Cannot. Erase.,6
Heems,Eat Pray Thug,4
Leviathan,Scar Sighted,8
Pile,You're Better Than This,6
Cannibal Ox,Blade of the Ronin,5
Fashawn,The Ecology,5
Swain,Heavy Dancing,7
Jeff Rosenstock,We Cool?,8
Dan Deacon,Gliss Riffer,5
Negură Bunget,TĂU,5
The Pop Group,Citizen Zombie,9
Screaming Females,Rose Mountain,6
THEESatisfaction,EarthEE,7
Adventures,Supersonic Home,7
BADBADNOTGOOD & Ghostface Killah,Sour Soul,6
Drake,"If You're Reading This, It's Too Late",8
Pond,"Man, It Feels Like Space Again",6
Your Old Droog,Kinison,8
Father John Misty,"I Love You, Honeybear",8
Open Mike Eagle,A Special Episode Of,8
Matana Roberts,Coin Coin Chapter 3: River Run Thee,6
John Carpenter,Lost Themes,7
Zs,Xe,8
Xibalba,Tierra Y Libertad,6
Mount Eerie,Sauna,6
Title Fight,Hyperview,4
Björk,Vulnicura,8
Lupe Fiasco,Tetsuo & Youth,7
Napalm Death,Apex Predator -- Easy Meat,8
Belle and Sebastian,Girls In Peacetime Want To Dance,6
Joey Bada$$,B4.DA.$$,8
Panda Bear,Panda Bear Meets the Grim Reaper,4
Sleater-Kinney,No Cities to Love,7
Viet Cong,Viet Cong,7
Death Grips,Fashion Week,7
D'Angelo and The Vanguard,Black Messiah,8
Hail Mary Mallon,Bestiary,5
OG Maco,OG Maco,7
Foo Fighters,Sonic Highways,5
Wu-Tang Clan,A Better Tomorrow,6
Full of Hell,Full of Hell & Merzbow,8
J. Cole,2014 Forest Hills Drive,6
Ghostface Killah,36 Seasons,5
The Wytches,Annabel Dream Reader,8
Various Artists,Shady XV,4
A$AP Ferg,Ferg Forever,7
Clark,Clark,6
Andy Stott,Faith In Strangers,7
Mr. Oizo,The Church,7
TVOTR,Seeds,6
I Am Your Destruction,I Am Your Destruction,7
Pink Floyd,The Endless River,6
Megaton Leviathan,Past 21: Beyond The Arctic Cell,7
Sterilizer,Sterilizer,7
Ariel Pink,Pom Pom,9
iamamiwhoami,Blue,6
Pianos Become The Teeth,Keep You,4
Dean Blunt,Black Metal,8
Azealia Banks,Broke With Expensive Taste,5
Wildbirds & Peacedrums,Rhythm,8
Kayo Dot,Coffins On Io,6
Big K.R.I.T.,Cadillactica,6
Arca,Xen,6
The World Is A Beautiful Place...,Between Bodies,5
Deerhoof,La Isla Bonita,7
Slipknot,.5: The Gray Chapter,4
Black Milk,If There's A Hell Below,6
Pharmakon,Bestial Burden,5
Botanist,VI: Flora,8
Panda Bear,Mr. Noah,6
Royal Blood,Royal Blood,5
Clockwork Indigo,Clockwork Indigo,7
Run the Jewels,Run the Jewels 2,8
Dope Body,Lifer,8
Logic,Under Pressure,6
Vince Staples,Hell Can Wait,7
Scott Walker + Sunn o))),Soused,6
Sir Michael Rocks,Banco,7
Foxygen,...And Star Power,2
Godflesh,A World Lit Only By Fire,7
My Brightest Diamond,This Is My Hand,7
Weezer,Everything Will Be Alright In The End,7
alt-J,This Is All Yours,7
Electric Wizard,Time To Die,5
Childish Gambino,STN MTN / Kauai,4
Caribou,Our Love,6
Flying Lotus,You're Dead,8
SBTRKT,Wonder Where We Land,5
Shellac,Dude Incredible,6
Iceage,Plowing Into the Field of Love,9
Thom Yorke,Tomorrow's Modern Boxes,6
Perfume Genius,Too Bright,8
Interpol,El Pintor,6
Julian Casablancas + The Voidz,Tyranny,7
Milo,A Toothpaste Suburb,5
Busdriver,Perfect Hair,8
Banks,Goddess,5
Aphex Twin,Syro,6
NehruvianDOOM,NehruvianDOOM,5
Yung Lean,Unknown Memory,4
Earth,Primitive and Deadly,6
Death From Above 1979,The Physical World,6
The Bug,Angels & Devils,6
Blonde Redhead,Barragán,6
Opeth,Pale Communion,5
Code Orange,I Am King,6
Zammuto,Anchor,6
Ty Segall,Manipulator,6
Travi$ Scott,Days Before Rodeo,3
Rustie,Green Language,3
Raury,Indigo Child,4
Pallbearer,Foundations of Burden,6
Uncommon Nasa,New York Telephone,8
Michael Cera,True That,5
Watsky,All You Can Do,4
Antemasque,Antemasque,7
Spooky Black,Leaving,5
FKA Twigs,LP1,8
Mick Jenkins,The Water[s],8
The Underachievers,Cellar Door: Terminus Ut Exordium,7
Otis Brown III,The Thought of You,7
Porter Robinson,Worlds,5
PartyNextDoor,Two,2
Spoon,They Want My Soul,7
Mellowhype,INSA,3
Kyary Pamyu Pamyu,Pikapika Fantajin,7
Common,Nobody's Smiling,6
Neil Cicierega,Mouth Sounds / Mouth Silence,8
Joyce Manor,Never Hungover Again,6
How To Dress Well,What Is This Heart?,6
Fallujah,The Flesh Prevails,4
Shabazz Palaces,Lese Majesty,5
Morrissey,World Peace is None of Your Business,5
Weird Al Yankovic,Mandatory Fun,7
Shlohmo & Jeremih,No More,5
La Roux,Trouble In Paradise,8
Panopticon,Roads To The North,8
Deadmau5,While (1 Is Less Than 2),7
Sia,1000 Forms of Fear,7
Wolves In the Throne Room,Celestite,8
Lazer/Wulf,The Beast of Left and Right,7
Wreck and Reference,Want,6
Pearls Negras,Biggie Apple,8
A Sunny Day In Glasgow,Sea When Absent,7
USA Out of Vietnam,Crashing Diseases and Incurable Airplanes,7
Apathy,Connecticut Casual,8
Mastodon,Once More 'Round the Sun,7
Ab-Soul,These Days...,5
Open Mike Eagle,Dark Comedy,8
Caustic Window,Caustic Window,6
The Soft Pink Truth,Why Do The Heathen Rage?,7
Lone,Reality Testing,3
ZelooperZ,HELP,6
Lana Del Rey,Ultraviolence,2
Bones,Garbage,6
Mayhem,Esoteric Warfare,7
Jack White,Lazaretto,5
Trap Them,Blissfucker,5
Ben Frost,A U R O R A,5
Parquet Courts,Sunbathing Animal,4
Blu,Good To Be Home,6
RiFF RAFF,NEON iCON,5
Coldplay,Ghost Stories,4
clipping.,CLPPNG,9
Eyehategod,Eyehategod,6
Sharon Van Etten,Are We There,6
Owen Pallett,In Conflict,7
Trash Talk,No Peace,5
The Roots,...And Then You Shoot Your Cousin,4
Tobacco,Ultima II Massage,8
Chromeo,White Women,5
Vallenfyre,Splinters,7
Swans,To Be Kind,10
Ibibio Sound Machine,Ibibio Sound Machine,7
Little Dragon,Nabuma Rubberband,6
The Black Keys,Turn Blue,4
Mac Miller,Faces,6
Lykke Li,I Never Learn,6
Damon Albarn,Everyday Robots,5
Andrew Jackson Jihad,Christmas Island,5
BADBADNOTGOOD,III,7
Sleaford Mods,Divide & Exit,6
Ought,More Than Any Other Day,7
Future,Honest,2
tUnE-yArDs,Nikki Nack,8
Lord Mantis,Death Mask,6
Pixies,Indie Cindy,4
John Frusciante,Enclosure,2
Pharoahe Monch,P.T.S.D.,7
Chet Faker,Built On Glass,3
The Hotelier,"Home, Like NoPlace Is There",6
Carla Bozulich,Boy,8
Thantifaxath,Sacred White Noise,8
Lil Herb,Welcome To Fazoland,7
IDYLLS,PRAYER FOR TERRENE,8
Girl Talk & Freeway,Broken Ankles,8
CunninLynguists,Strange Journey Vol. 3,7
SZA,Z,4
Todd Terje,It's Album Time,6
Ratking,So It Goes,8
Cloud Nothings,Here And Nowhere Else,6
Sisyphus,Sisyphus,7
Avey Tare's Slasher Flicks,Enter The Slasher House,5
OFF!,Wasted Years,7
Tony Molina,Dissed and Dismissed,7
Timber Timbre,Hot Dreams,8
Mø,No Mythologies To Follow,6
White Hinterland,Baby,8
Mac Demarco,Salad Days,5
Nocando,Jimmy The Burnout,6
YG,My Krazy Life,6
Wild Beasts,Present Tense,7
Onyx,Wakedafucup,7
Skrillex,Recess,5
Liars,Mess,8
Future Islands,Singles,7
Big Ups,Eighteen Hours of Static,8
Tycho,Awake,6
The War On Drugs,Lost In The Dream,7
Evian Christ,Waterfall,7
Freddie Gibbs & Madlib,Piñata,9
La Dispute,The Rooms of the House,7
Pharrell,G I R L,3
Migos,No Label II,5
Real Estate,Atlas,3
White Suns,Totem,8
Beck,Morning Phase,4
St. Vincent,St. Vincent,7
Schoolboy Q,Oxymoron,7
Temples,Sun Structures,5
Sunn O))) & Ulver,Terrestrials,6
Artificial Brain,Labyrinth Constellation,8
Sun Kil Moon,Benji,9
Angel Olsen,Burn Your Fire For No Witness,5
Xiu Xiu,Angel Guts: Red Classroom,7
Glitch Mob,Love Death Immortality,3
Step Brothers,Lord Steppington,8
Behemoth,The Satanist,9
Isaiah Rashad,Cilvia Demo,6
Young Fathers,Dead,6
Actress,Ghettoville,8
Have A Nice Life,The Unnatural World,8
An Autumn For Crippled Children,Try Not To Destroy Everything You Love,7
Indian,From All Purity,8
Mogwai,Rave Tapes,6
Against Me!,Transgender Dysphoria Blues,5
Silver Mount Zion,Fuck Off Get Free We Pour Light On Everything,8
Murmur,Murmur,8
Nils Frahm,Spaces,7
Lee Bannon,Alternate/Endings,6
Xiu Xiu,Nina,8
Calvaiire,Forceps,7
Beyoncé,Beyoncé,6
Burial,Rival Dealer,5
Hellfyre Club,Dorner vs. Tookie,7
Future Of The Left,How To Stop Your Brain In An Accident,8
Childish Gambino,Because The Internet,5
Gesaffelstein,Aleph,5
Arabrot,Arabrot,6
Hopsin,Knock Madness,3
Da Mafia 6ix,6ix Commandments,8
Quelle Chris,Ghost At The Finish Line,7
Blood Orange,Cupid Deluxe,2
Sky Ferreira,"Night Time, My Time",4
Soupcans,Parasite Brain,7
Moonface,Julia With Blue Jeans On,7
M.I.A.,Matangi,7
Daniel Avery,Drone Logic,8
Death Grips,Government Plates,6
Lady Gaga,Artpop,6
Cara Neir,"Portals To A Better, Dead World",7
Action Bronson & Party Supplies,Blue Chips 2,6
The Debauchees,Big Machines and Peculiar Beings,7
Eminem,The Marshall Mathers LP 2,7
Black Milk,No Poison No Paradise,8
Four Tet,Beautiful Rewind,7
Sisu,Blood Tears,6
Arcade Fire,Reflektor,5
Toxic Holocaust,Chemistry of Consciousness,6
Cage The Elephant,Melophobia,8
AFI,Burials,2
Shad,Flying Colours,7
Armand Hammer,Race Music,8
Cults,Static,4
Tim Hecker,Virgins,9
Oranssi Pazuzu,Valonielu,6
Melt-Banana,Fetch,9
Pusha T,My Name Is My Name,6
of Montreal,Lousy With Sylvianbriar,8
Darkside,Psychic,8
Haunted Horses,Watcher,7
Danny Brown,Old,7
Oneohtrix Point Never,R Plus Seven,6
Touché Amoré,Is Survived By,8
Drake,Nothing Was The Same,5
Bill Callahan,Dream River,8
Machinedrum,Vapor City,7
Flatbush Zombies,BetterOffDEAD,8
Kayo Dot,Hubardo,7
MGMT,MGMT,6
Crystal Stilts,Nature Noir,6
The Weeknd,Kiss Land,5
Denzel Curry,Nostalgic 64,7
Janelle Monáe,The Electric Lady,7
Factory Floor,Factory Floor,6
Holy Ghost!,Dynamics,7
Chelsea Wolfe,Pain Is Beauty,8
Nine Inch Nails,Hesitation Marks,6
Arctic Monkeys,AM,3
Dizzy Wright,The Golden Age,5
Holograms,Forever,6
Jonathan Rado,Law & Order,4
YC The Cynic,GNK,8
Gorguts,Colored Sands,8
The Underachievers,The Lords of Flatbush,5
Dawn of Midi,Dysnomia,5
King Krule,6 Feet Beneath The Moon,7
A$AP Ferg,Trap Lord,7
Earl Sweatshirt,Doris,6
Julia Holter,Loud City Song,8
No Age,An Object,6
Washed Out,Paracosm,6
TOAD,Endless Night,7
Modern Life Is War,Fever Hunting,7
Tech N9ne,Something Else,4
Dead In The Dirt,The Blind Hole,6
Candy Claws,Ceres & Calypso In The Deep Time,7
AlunaGeorge,Body Music,7
Ka,The Night's Gambit,8
Edward Sharpe & The Magnetic Zeros,Edward Sharpe & The Magnetic Zeros,3
Fuck Buttons,Slow Focus,6
Stone Titan,Scratch N' Sniff (MINI),8
letlive.,The Blackest Beautiful,5
Lycus,Tempest,7
Mariam The Believer,Blood Donation,8
Autopsy,The Headless Ritual,6
James Holden,The Inheritors,7
Jay-Z,Magna Carta... Holy Grail,6
Billy Woods,Dour Candy,7
Run The Jewels,Run The Jewels,8
Joey Bada$$,Summer Knights,7
Kyary Pamyu Pamyu,Nandacollection,8
Locrian,Return to Annihilation,6
Smith Westerns,Soft Will,8
J. Cole,Born Sinner,5
Mac Miller,Watching Movies With the Sound Off,6
Zomby,With Love,5
Melt Yourself Down,Melt Yourself Down,7
Kanye West,Yeezus,5
Jon Hopkins,Immunity,8
Mr. Muthafuckin' eXquire,Kismet,7
Young Fathers,Tape Two,8
Boards of Canada,Tomorrow's Harvest,6
Thundercat,Apocalypse,3
Laura Marling,Once I Was An Eagle,7
CX KiDTRONiK,KRAK ATTACK 2: THE BALLAD OF ELLI SKIFF,6
Disclosure,Settle,7
Queens of the Stone Age,...Like Clockwork,9
Bibio,Silver Wilkinson,7
Deafheaven,Sunbather,8
Quasimoto,Yessir Whatever,7
Baths,Obsidian,6
Travis Scott,Owl Pharaoh,3
The World Is A Beautiful Place And I Am No Longer Afraid To Die,"Whenever, If Ever",7
Classixx,Hanging Gardens,6
This Routine Is Hell,Howl,8
Anamanaguchi,Endless Fantasy,6
The National,Trouble Will Find Me,4
Daft Punk,Random Access Memories,8
The Dillinger Escape Plan,One Of Us Is The Killer,8
Co La,Moody Coup,6
Vampire Weekend,Modern Vampires of the City,7
Charli XCX,True Romance,3
The Uncluded,Hokey Fright,7
Phoenix,Bankrupt!,5
Little Women,Lung,6
Chance The Rapper,Acid Rap,6
Altar of Plagues,Teethed Glory and Injury,9
R.A. The Rugged Man,Legends Never Die,6
Savages,Silence Yourself,8
The Haxan Cloak,Excavation,8
Jenny Hval,Innocence Is Kinky,7
Iggy And The Stooges,Ready To Die,4
Colin Stetson,New History Warfare Vol. 3: To See More Light,7
Deerhunter,Monomania,6
Yeah Yeah Yeahs,Mosquito,5
Soap&Skin,"Sugarbread 7""",7
Ghostface Killah and Adrian Younge,Twelve Reasons To Die,8
Kid Cudi,Indicud,2
Kurt Vile,Wakin On A Pretty Daze,8
Phosphorescent,Muchacho,6
Thee Oh Sees,Floating Coffin,5
Ghost,Infestissumam,5
Big K.R.I.T.,King Remembered In Time,7
Makthaverskan,II,7
The Flaming Lips,The Terror,6
Bring Me The Horizon,Sempiternal,4
James Blake,Overgrown,7
The Knife,Shaking The Habitual,9
The Black Heart Rebellion,Har Nevo,7
The Mary Onettes,Hit The Waves,7
"Tyler,the Creator",Wolf,6
Wavves,Afraid of Heights,6
Lapalux,Nostalchic,7
Bonobo,The North Borders,6
Kvelertak,Meir,8
The Drones,I See Seaweed,8
KEN mode,Entrench,7
Justin Timberlake,The 20/20 Experience,5
The Game,The Next Day,7
The Strokes,Comedown Machine,5
Dope Body,Saturday,7
Nails,Abandon All Life,7
Rhye,Woman,6
Autechre,Exai,8
The Men,New Moon,4
Steven Wilson,The Raven That Refused To Sing (And Other Stories),5
Shlohmo,Laid Out,8
Czarface,Czarface,6
Darkthrone,The Underground Resistance,6
STRFKR,Miracle Mile,3
Grave Babies,Crusher,7
Clipping,Midcity,8
Atoms For Peace,Amok,7
Iceage,You're Nothing,8
Nick Cave and The Bad Seeds,Push The Sky Away,5
Beach Fossils,Clash The Truth,8
Portal,Vexovoid,5
Grouper,The Man Who Died In His Boat,7
Pissed Jeans,Honeys,7
Foals,Holy Fire,5
Veronica Falls,Waiting For Something To Happen,6
The Underachievers,Indigoism,7
My Bloody Valentine,MBV,8
Unknown Mortal Orchestra,II,7
Dumbo Gets Mad,Quantum Leap,6
Cakes Da Killa,The Eulogy,8
Tegan and Sara,Heartthrob,3
Tomahawk,Oddfellows,6
California X,California X,6
Local Natives,Hummingbird,5
Buke and Gase,General Dome,8
Comadre,Comadre,8
TTNG (This Town Needs Guns),13.0.0.0.0,7
Nosaj Thing,Home,5
Cult of Luna,Vertikal,5
Villagers,{Awayland},7
Foxygen,We Are the 21st Century Ambassadors of Peace & Magic,8
Yo La Tengo,Fade,7
Toro Y Moi,Anything In Return,4
The Progressive Era,PEEP: The aPROcalypse,8
Circles Takes the Square,Decompositions: Volume Number One,6
A$AP Rocky,Long.Live.A$AP,7
Milo,Things That Happen At Day / Things That Happen At Night,8
Lianne La Havas,Is Your Love Big Enough?,7
Burial,Truant / Rough Sleeper,8
Chief Keef,Finally Rich,4
The Game,Jesus Piece,5
Miguel,Kaleidoscope Dream,6
P.O.S,We Don't Even Live Here,5
Roomful of Teeth,Roomful of Teeth,7
Dragged Into Sunlight,Widowmaker,6
Scott Walker,Bish Bosch,7
Wu-Block,Wu-Block,6
Code Orange Kids,Love Is Love // Return To Dust,6
Heems,Wild Water Kingdom,5
Macintosh Plus,Floral Shoppe,4
Angel Olsen,Half Way Home,7
Bad Brains,Into the Future,3
Tim Hecker and Daniel Lopatin,Instrumental Tourist,5
The Evens,The Odds,8
Captain Murphy,Duality,7
Holly Herndon,Movement,7
Goat,World Music,5
Ratking,Wiki93,5
Vessel,Order of Noise,7
Action Bronson and the Alchemist,Rare Chandeliers,8
Deftones,Koi No Yokan,6
Jessica Pratt,Jessica Pratt,7
Crystal Castles,(III),4
Brian Eno,LUX,6
The Secret,Agnus Dei,5
Bat For Lashes,The Haunted Man,7
Titus Andronicus,Local Business,6
Neurosis,Honor Found In Decay,7
Pile,Dripping,8
The Soft Moon,Zeros,4
Black Moth Super Rainbow,Cobra Juicy,5
The Bad Plus,Made Possible,8
Mac DeMarco,2,6
Andy Stott,Luxury Problems,7
Hoax,3rd,6
Chelsea Wolfe,Unknown Rooms: A Collection of Acoustic Songs,7
Pig Destroyer,Book Burner,6
3:33,In the Middle of Infinity,6
Karriem Riggins,Alone Together,8
Kendrick Lamar,"good kid, m.A.A.d. city",9
Blu & Exile,Give Me My Flowers While I Can Still Smell Them,7
Between the Buried and Me,The Parallax II: Future Sequence,4
Daphni,Jiaolong,6
John Frusciante,PBX Funicular Intaglio Zone,2
Converge,All We Love We Leave Behind,8
Macklemore and Ryan Lewis,The Heist,7
Godspeed You! Black Emperor,Allelujah! Don't Bend! Ascend!,8
The Mountain Goats,Transcendental Youth,7
Tame Impala,Lonerism,8
Mellowhype,Numbers,3
METZ,METZ,6
Death Grips,NO LOVE DEEP WEB,8
Alt-J,An Awesome Wave,8
Muse,The 2nd Law,3
Efterklang,Piramida,5
Mumford & Sons,Babel,6
Flying Lotus,Until the Quiet Comes,7
Dark Time Sunshine,ANX,7
Lupe Fiasco,Food & Liquor 2: The Great American Rap Album Pt. 1,5
The Gaslamp Killer,Breakthrough,8
Title Fight,Floral Green,7
How To Dress Well,Total Loss,6
Dinosaur Jr.,I Bet On Sky,7
David Byrne & St. Vincent,Love This Giant,7
Grizzly Bear,Shields,6
Woods,Bend Beyond,7
Ondatrópica,Ondatrópica,9
Krallice,Years Past Matter,8
The xx,Coexist,4
Mount Eerie,Ocean Roar,5
Dan Deacon,America,5
Jens Lekman,I Know What Love Isn't,7
Animal Collective,Centipede Hz,6
Murder Construct,Results,8
Slaughterhouse,Welcome to: Our House,3
Holy Other,Held,6
Four Tet,Pink,7
A$AP Mob,Lord$ Never Worry,3
Swans,The Seer,8
The Faceless,Autotheism,5
Matthew Dear,Beams,8
Bloc Party,Four,7
Wild Nothing,Nocturne,8
Jessie Ware,Devotion,4
Eprom,Metahuman,7
JJ DOOM,Key to the Kuffs,6
Xibalba,Hasta La Muerte,8
2 Chainz,Based on a T.R.U. Story,4
Ariel Pink's Haunted Graffiti,Mature Themes,6
Parquet Courts,Light Up Gold,7
Niki and the Dove,Instinct,6
R. Stevie Moore,Lo Fi Hi Fives,7
Om,Advaitic Songs,5
Domo Genesis,No Idols,5
Passion Pit,Gossamer,6
Nachtmystium,Silencing Machine,8
Rick Ross,"God Forgives, I Don't",3
Guardian Alien,See the World Given to a One Love Entity,6
Purity Ring,Shrines,6
Gnaw Their Tongues,Eschatological Scatology,7
TNGHT,TNGHT,9
Mission of Burma,Unsound,6
Aesop Rock,Skelethon,7
Holograms,Holograms,8
Nas,Life Is Good,4
Wreck and Reference,No Youth,7
Baroness,Yellow and Green,7
Frank Ocean,Channel Orange,7
Twin Shadow,Confess,5
H-SIK,Cocody,7
Foxygen,Take the Kids Off Broadway,8
Dirty Projectors,Swing Lo Magellan,6
Rush,Clockwork Angels,6
Spaceghostpurrp,Mysterious Phonk: The Chronicles of SpvcxxGhxztPvrrp,5
Deathspell Omega,Drought,8
Hot Chip,In Our Heads,7
Old Man Gloom,NO,6
Ty Segall Band,Slaughterhouse,8
Ty Segall & White Fence,Hair,8
Open Mike Eagle,4NML HSPTL,7
The Smashing Pumpkins,Oceania,6
Metric,Synthetica,3
Curren$y,The Stoned Immaculate,3
Bobby Womack,The Bravest Man In the Universe,6
Fiona Apple,The Idler Wheel...,9
Joey Bada$$,1999,7
Kreator,Phantom Antichrist,5
Clams Casino,Instrumentals 2,7
iamamiwhoami,Kin,8
The Tallest Man On Earth,There's No Leaving Now,8
Recondite,On Acid,8
Liars,WIXIW,7
Neil Young & Crazy Horse,Americana,7
Japandroids,Celebration Rock,5
Black Breath,Sentenced to Life,8
Big K.R.I.T.,Live From the Underground,7
Sigur Rós,Valtari,7
El-P,Cancer for Cure,6
Cerce,Tour Sampler CD-R,7
Mount Eerie,Clear Moon,7
Best Coast,The Only Place,3
Dope Body,Natural History,9
Killer Mike,R.A.P. Music,8
Marilyn Manson,Born Villain,3
Ab-Soul,Control System,8
Squarepusher,Ufabulum,6
Beach House,Bloom,8
mewithoutYou,Ten Stories,6
B.o.B.,Strange Clouds,4
Lone,Galaxy Garden,8
OFF!,OFF!,7
Dweller On the Threshold,Dweller On the Threshold,6
Billy Woods,History Will Absolve me,8
Torche,Harmonicraft,8
White Suns,Sinews,8
Jack White,Blunderbuss,6
Battles,Dross Glop,6
Death Grips,The Money Store,10
Moonface,With Siinai: Heartbreaking Bravery,6
Quakers,Quakers,5
Spiritualized,Sweet Heart Sweet Light,8
Black Dice,Mr. Impossible,5
Lotus Plaza,Spooky Action at a Distance,6
Dr. John,Locked Down,7
Kindness,"World, You Need a Change of Mind",7
Willis Earl Beal,Acousmatic Sorcery,4
Chromatics,Kill For Love,4
BADBADNOTGOOD,BBNG2,9
High On Fire,De Vermis Mysteriis,8
Meshuggah,Koloss,6
Daniel Rossen,Silent Hour / Golden Mile,8
The Mars Volta,Noctourniquet,7
The Shins,Port of Morrow,5
THEESatisfaction,awE naturalE,8
Unsane,Wreck,7
Soap&Skin,Narrow,8
The Men,Open Your Heart,7
The Magnetic Fields,Love at the Bottom of the Sea,5
Big K.R.I.T.,4evaNaDay,8
Evian Christ,Kings and Them,6
WZRD,WZRD,3
Christian Mistress,Possession,8
Pallbearer,Sorrow and Extinction,7
Sleigh Bells,Reign of Terror,5
Perfume Genius,Put Your Back N 2 It,9
Grimes,Visions,5
Goatwhore,Blood For the Master,7
Tennis,Young & Old,4
Burial,Kindred,8
Earth,"Angels of Darkness, Demons of Light II",6
Portico Quartet,Portico Quartet,8
Lapalux,When You're Gone,6
Sharon Van Etten,Tramp,7
A Place To Bury Strangers,Onwards To The Wall,5
Shlohmo,Vacation,7
Leonard Cohen,Old Ideas,5
of Montreal,Paralytic Stalks,7
Loma Prieta,I.V.,8
John Talabot,fin,8
The Maccabees,Given to the Wild,5
Lana Del Rey,Born to Die,3
Heems,Nehru Jackets,8
Pop. 1280,The Horror,7
Lamb of God,Resolution,3
Chairlift,Something,7
Gonjasufi,MU.ZZ.LE,6
First  Aid Kit,The Lion's Roar,7
Young Fathers,Tape One,8
Schoolboy Q,Habits & Contradictions,5
Cloud Nothings,Attack On Memory,8
The Act of Estimating as Worthless,Amongst These Splintered Minds...,7
Charlie Haden & Hank Jones,Come Sunday,6
Alcest,Les voyages de l'âme,5
Zammuto,Idiom Wind,7
The Weeknd,Echoes of Silence,8
Guided by Voices,Let's Go Eat the Factory,6
The Internet,Purple Naked Ladies,4
Cass McCombs,Humor Risk,6
Cormorant,Dwellings,8
Nujabes,Spiritual State,6
Jacaszek,Glimmer,7
The Black Keys,El Camino,6
Comet Gain,Howl of the Lonely Crowd,7
Oneohtrix Point Never,Replica,8
Red Horse,Red Horse,6
Yelawolf,Radioactive,5
The Spits,The Spits,6
The Log.Os,λόγος,8
Vektor,Outer Isolation,8
Kate Bush,50 Words For Snow,7
Cynic,Carbon-Based Anatomy,7
Wale,Ambition,4
Mac Miller,Blue Slide Park,5
Crystal Stilts,Radiant Door,6
King Krule,King Krule,7
Drake,Take Care,6
Pianos Become the Teeth,The Lack Long After,6
Childish Gambino,Camp,2
Atlas Sound,Parallax,6
David Lynch,Crazy Clown Time,5
Ghoul,Transmission Zero,8
My Brightest Diamond,All Things Will Unwind,6
ASAP Rocky,LiveLoveA$AP,8
The Strange Boys,Live Music,7
Lou Reed and Metallica,Lulu,6
Oblivionized,Abhorrent Evolution,8
Milo,I Wish My Brother Rob Was Here,8
Black Milk & Danny Brown,Black & Brown,7
Justice,"Audio, Video, Disco",5
The Field,Looping State of Mind,7
Tom Waits,Bad As Me,7
M83,"Hurry Up, We're Dreaming",4
Kuedo,Severant,6
Absu,Abzu,8
Civil Civic,Rules,7
Rustie,Glass Swords,7
Feist,Metals,4
James Blake,Enough Thunder,5
La Dispute,Wildlife,8
Teenage Cool Kids,Denton After Sunset,7
Wilco,The Whole Love,7
9th Wonder,The Wonder Years,4
J. Cole,Cole World: The Sideline Story,6
BADBADNOTGOOD,BBNG,8
Mastodon,The Hunter,5
Wild Flag,Wild Flag,7
Opeth,Heritage,5
Andrew Jackson Jihad,Knife Man,8
Veronica Falls,Veronica Falls,8
Das Racist,Relax,6
Neon Indian,Era Extraña,3
St. Vincent,Strange Mercy,8
Wolves In the Throne Room,Celestial Lineage,6
The Men,Leave Home,6
Thundercat,The Golden Age of Apocalypse,8
Girls,"Father, Son, Holy Ghost",7
The Drums,Portamento,5
Shlohmo,Bad Vibes,7
Hella,Tripper,6
Lil Wayne,Tha Carter IV,3
Red Hot Chili Peppers,I'm With You,5
Giles Corey,Giles Corey,8
Apathy,Honkey Kong,7
Danny Brown,XXX,8
Active Child,You Are All I See,6
Africa Hitech,93 Million Miles,8
The War On Drugs,Slave Ambient,6
Chelsea Wolfe,Ἀποκάλυψις (Apocalypse / Apokalypsis),8
Rival Sons,Pressure & Time,7
Cerebral Ballzy,Cerebral Ballzy,3
Matana Roberts,Coin Coin Chapter One: Gens de Couleur Libres,8
Kanye West & Jay-Z,Watch the Throne,5
Beirut,The Rip Tide,6
Various Artists,Brand New Wayo,7
Hudson Mohawke,Satin Panthers,7
Machinedrum,Room(s),6
Unknown Mortal Orchestra,Unknown Mortal Orchestra,5
Disma,Towards the Megalith,9
MellowHype,BlackenedWhite,6
Little Dragon,Ritual Union,8
They Might Be Giants,Join Us,5
Portugal. The Man,In the Mountain In the Cloud,6
Toxic Holocaust,Conjure and Command,8
The Cool Kids,When Fish Ride Bicycles,4
Touche Amore,Parting the Sea Between Brightness and Me,7
Zombi,Escape Velocity,8
The Horrors,Skying,7
Washed Out,Within and Without,6
Kendrick Lamar,Section.80,8
Ulcerate,The Destroyers of All,7
Herman Dune,Strange Moosic,7
Samiyam,Sam Baker's Album,5
Shabazz Palaces,Black Up,8
Cults,Cults,4
SBTRKT,SBTRKT,8
Iceage,New Brigade,8
Bon Iver,Bon Iver,6
Bad Meets Evil,Hell: The Sequel,6
Blood Ceremony,Living With the Ancients,7
WU LYF,Go Tell Fire To The Mountain,5
Poor Lily,Poor Lily,8
Fucked Up,David Comes to Life,5
Battles,Gloss Drop,9
Snake Oil,Snake Oil,7
Arctic Monkeys,Suck It and See,5
Woods,Sun and Shade,5
Planningtorock,W,2
Havok,Time Is Up,8
Death Cab for Cutie,Codes and Keys,7
Theophilus London,Lover's Holiday,8
My Morning Jacket,Circuital,5
Master Musicians of Bukkake,Totem 3,7
Coma Cinema,Blue Suicide,7
Boris,Heavy Rocks / Attention Please,6
Elzhi,Elmatic,8
Balkans,Balkans,7
This Will Destroy You,Tunnel Blanket,6
The UV Race,Homo,8
Amon Tobin,ISAM,7
Jesu,Ascension,5
Manchester Orchestra,Simple Math,4
Liturgy,Aesthethica,8
The Lonely Island,Turtleneck and Chain,5
Wild Beasts,Smother,7
"Tyler,the Creator",Goblin,4
Death Grips,Exmilitary,8
The Antlers,Burst Apart,4
Fleet Foxes,Helplessness Blues,9
Explosions In the Sky,"Take Care, Take Care, Take Care",5
Beastie Boys,Hot Sauce Committee Part Two,9
CunninLynguists,Oneirology,8
Bill Callahan,Apocalypse,6
The Kills,Blood Pressures,4
tUnE-yArDs,W H O K I L L,7
Rotten Sound,Cursed,5
Wormrot,Dirge,8
Foo Fighters,Wasting Light,6
Metronomy,The English Riviera,7
Crystal Stilts,In Love With Oblivion,8
The Weeknd,House of Balloons,3
TV on the Radio,Nine Types of Light,6
Timber Timbre,Creep On Creepin' On,8
The Vaccines,What Did You Expect From the Vaccines?,6
Holy Ghost!,Holy Ghost!,8
Panda Bear,Tomboy,5
Trap Them,Darker Handcraft,7
Big K.R.I.T.,Returnof4eva,9
Bibio,Mind Bokeh,5
Craft Spells,Idle Labor,8
The Pains of Being Pure at Heart,Belong,8
The Strokes,Angles,7
Reks,R.E.K.S.,8
Burzum,Fallen,6
Raekwon,Shaolin vs. Wu-Tang,5
Lupe Fiasco,Lasers,3
Tim Hecker,"Ravedeath, 1972",8
Weedeater,Jason...The Dragon,7
Beady Eye,"Different Gear, Still Speeding",3
The Mountain Goats,All Eternals Deck,8
Siriusmo,Mosaik,7
Yuck,Yuck,5
Fashawn,Higher Learning Vol. 2,6
PJ Harvey,Let England Shake,8
Toro Y Moi,Underneath the Pine,6
Colin Stetson,New History Warfare Vol. 2: Judges,8
Radiohead,The King of Limbs,6
Nicolas Jaar,Space Is Only Noise,8
Vreid,V,6
Lil B,Angels Exodus,3
Mogwai,"Hardcore Will Never Die, but You Will",8
Natural Child,Natural Child,8
James Blake,James Blake,7
Cut Copy,Zonoscope,5
Earth,"Angels of Darkness, Demons of Light I",7
Dumbo Gets Mad,Elephants at the Door,8
John Vanderslice,White Wilderness,6
Braids,Native Speaker,7
Kvelertak,Kvelertak,8
The Decemberists,The King Is Dead,4
Destroyer,Kaputt,9
Fergus & Geronimo,Unlearn,8
White Lies,Ritual,4
Smith Westerns,Dye It Blonde,7
A-1,After School Special,7
Ghost,Opus Eponymous,8
Cage the Elephant,"Thank You, Happy Birthday",5
British Sea Power,Valhalla Dancehall,8
Wire,Red Barked Tree,5
Cake,Showroom of Compassion,7
All Pigs Must DIe,All Pigs Must DIe,7
jj,Kills,3
M.I.A.,ViCKi LEEKX,6
Shad,TSOL,6
Gorillaz,The Fall,5
Big Blood,Dark Country Magic,7
Ghostface Killah,Apollo Kids,8
The Souljazz Orchestra,Rising Sun,8
Röyksopp,Senior,5
Anika,Anika,3
Kids & Explosions,Shit Computer,8
Skrillex,Scary Monsters and Nice Sprites,7
Tonetta,777 Volume One,6
"Tyler,the Creator",Bastard,7
Off!,First Four,8
Maserati,Pyramid of the Sun,7
Glasser,Ring,8
Glasser,Ring,8
Girls,Broken Dreams Club,5
Girl Talk,All Day,8
Agalloch,Marrow of the Spirit,8
Kanye West,My Beautiful Dark Twisted Fantasy,6
Teebs,Ardour,6
Weekend,Sports,8
Cee Lo Green,The Lady Killer,7
Matt & Kim,Sidewalks,5
Gold Panda,Lucky Shiner,7
Kid Cudi,Man on the Moon II: The Legend of Mr. Rager,6
Das Racist,"Shut Up, Dude / Sit Down, Man",6
Brian Eno,Small Craft On A Milk Sea,8
Electric Wizard,Black Masses,6
How To Dress Well,Love Remains,4
Bongripper,Satan Worshipping Doom,8
Shobaleader One (Squarepusher),d'Demonstrator,5
Diamond Rings,Special Affections,8
Warpaint,The Fool,6
Matthew Dear,Black City,7
Zach Hill,Face Tat,5
Kings of Leon,Come Around Sundown,4
The Gaslamp Killer,Death Gate,7
Avey Tare,Down There,5
Sharon Van Etten,Epic,7
Luke Abbott,Holkham Drones,8
The Fresh & Onlys,Play It Strange,4
Belle and Sebastian,Belle and Sebastian Write About Love,6
Sufjan Stevens,The Age of Adz,6
Mark Ronson & The Business Intl.,Record Collection,5
Twin Shadow,Forget,8
Abe Vigoda,Crush,4
The Tallest Man On Earth,Sometimes the Blues Is Just a Passing Bird,8
Salem,King Night,2
Women,Public Strain,9
Neil Young,Le Noise,5
No Age,Everything In Between,6
Nails,Unsilent Death,9
Deerhunter,Halcyon Digest,8
Swans,My Father Will Guide Me Up a Rope to the Sky,6
Flying Lotus,Pattern+Grid World,8
Black Mountain,Wilderness Heart,6
Black Milk,Album of the Year,4
Future Islands,In Evening Air,7
Chromeo,Business Casual,9
The Walkmen,Lisbon,5
Grinderman,Grinderman 2,7
Blonde Redhead,Penny Sparkle,8
of Montreal,False Priest,5
Weezer,Hurley,7
Tera Melos,Patagonian Rats,5
Watain,Lawless Darkness,6
Miami Horror,Illumination,7
Interpol,Interpol,5
Magic Kids,Memphis,8
Mogwai,Special Moves,8
Klaxons,Surfing the Void,4
Matmos and So Percussion,Treasure State,6
Sufjan Stevens,All Delighted People,8
Teen Daze,Four More Years,7
Iron Maiden,The Final Frontier,6
Thou,Summit,7
Various Artists,Afro-Beat Airways,8
Autolux,Transit Transit,6
The Budos Band,The Budos Band III,5
Daughters,Daughters,8
Ceremony,Rohnert Park,8
Arcade Fire,The Suburbs,8
Wild Nothing,Gemini,7
Best Coast,Crazy For You,5
Mono/Poly,Paramatma,6
Baths,Cerulean,8
The Books,The Way Out,9
MIA,Maya (/\/\ /\ Y /\),5
Dirty Projectors and Bjork,Mount Wittenberg Orca,8
Superhumanoids,Urgency,8
Noveller,Desert Fires,7
Big Boi,Sir Lucious Left Foot: The Son of Chico Dusty,6
Club 8,The People's Record,5
Wavves,King of the Beach,8
The Roots,How I Got Over,8
Wolf Parade,Expo 86,6
Various Artists,Cloud Cuckooland,7
Emeralds,Does It Look Like I'm Here?,6
Laurie Anderson,Homeland,8
Janelle Monáe,The ArchAndroid,8
Uffie,Sex Dreams and Denim Jeans,2
Devo,Something For Everybody,6
The Radio Dept.,Clinging To A Scheme,8
Villagers,Becoming A Jackal,6
Foals,Total Life Forever,4
The Drums,The Drums,8
Suckers,Wild Smile,7
Ariel Pink's Haunted Graffiti,Before Today,8
Here We Go Magic,Pigeons,7
Sleepy Sun,Fever,7
Melvins,The Bride Screamed Murder,5
Tame Impala,Innerspeaker,6
Guilty Simpson,OJ Simpson,6
Ratatat,LP4,8
Xasthur,Portal of Sorrow,4
Tobacco,Maniac Meat,7
Harlem,Hippies,7
Sleigh Bells,Treats,3
The Black Keys,Brothers,7
LCD Soundsystem,This Is Happening,9
The Dead Weather,Sea of Cowards,5
The New Pornographers,Together,7
The National,High Violet,6
Woods,At Echo Lake,8
Holy Fuck,Latin,7
Little Women,Throat,9
Flying Lotus,Cosmogramma,8
Broken Social Scene,Forgiveness Rock Record,4
Crystal Castles,Crystal Castles,7
Darkthrone,Circle the Wagons,5
Various Artists,Pomegranates,8
Happy Birthday,Happy Birthday,6
Caribou,Swim,6
Iggy and the Stooges,Raw Power  (Legacy Remaster),5
The Tallest Man On Earth,The Wild Hunt,8
Titus Andronicus,The Monitor,7
Burzum,Belus,4
Black Tambourine,Black Tambourine,7
Jonsi,Go,6
Autechre,Oversteps,5
The Morning Benders,Big Echo,6
MGMT,Congratulations,8
Portugal. The Man,American Ghetto,3
Gonjasufi,A Sufi and a Killer,9
Arckanum,ÞÞÞÞÞÞÞÞÞÞÞ,8
Broken Bells,Broken Bells,5
Liars,Sisterworld,6
High On Fire,Snakes for the Divine,8
The Knife,"Tomorrow, In a Year Album ",3
Gorillaz,Plastic Beach,7